Unnamed: 0,Zone,State,City,Name,Type,Establishment Year,time needed to visit in hrs,Google review rating,Entrance Fee in INR,Airport with 50km Radius,Weekly Off,Significance,DSLR Allowed,Number of google review in lakhs,Best Time to visit,Number of Google Reviews,Normalized Rating,Normalized Fee,Normalized Time,Normalized Reviews,Weekend Availability Score,Significance Score,Type Score,Airport Score,Ranking Score
0,Northern,Delhi,Delhi,India Gate,War Memorial,1921,0.5,4.6,0,Yes,,Historical,Yes,2.6,Evening,260000.0,0.9199999999999999,1.0,0.9285714285714286,0.35135135135135137,1.0,0.3,0.1,0.05,0.8162065637065636
17,Western,Maharastra,Mumbai,Gateway of India,Monument,1924,1.0,4.6,0,Yes,,Historical,Yes,3.6,All,360000.0,0.9199999999999999,1.0,0.8571428571428572,0.4864864864864865,1.0,0.3,0.1,0.05,0.8082915057915058
296,Eastern,Jharkhand,Deoghar,Baba Baidyanath Temple,Temple,Unknown,1.0,4.7,0,Yes,,Religious,Yes,1.8,All,180000.0,0.9400000000000001,1.0,0.8571428571428572,0.24324324324324326,1.0,0.2,0.4,0.05,0.7989671814671815
220,Eastern,West Bengal,Bolpur,Kankalitala Temple,Temple,Unknown,0.5,4.7,0,Yes,,Religious,No,0.045,All,4500.0,0.9400000000000001,1.0,0.9285714285714286,0.006081081081081081,1.0,0.2,0.4,0.05,0.7966795366795366
130,Western,Maharastra,Kolhapur,Mahalakshmi Temple,Temple,700,1.0,4.8,0,Yes,,Religious,No,0.9,All,90000.0,0.96,1.0,0.8571428571428572,0.12162162162162163,1.0,0.2,0.4,0.05,0.7918050193050192
43,Eastern,West Bengal,Kolkata,Howrah Bridge,Bridge,1943,0.5,4.6,0,Yes,,Architectural,No,1.2,Anytime,120000.0,0.9199999999999999,1.0,0.9285714285714286,0.16216216216216217,1.0,0.15,0.1,0.05,0.7897876447876447
221,Eastern,West Bengal,Hooghly,Hangseswari Temple,Temple,1814,0.5,4.6,0,Yes,,Architectural,No,0.07,All,7000.000000000001,0.9199999999999999,1.0,0.9285714285714286,0.00945945945945946,1.0,0.15,0.4,0.05,0.7895173745173745
182,Central,Uttar Pradesh,Varanasi,Kashi Vishwanath Temple,Temple,Unknown,1.0,4.7,0,Yes,,Religious,No,0.9,All,90000.0,0.9400000000000001,1.0,0.8571428571428572,0.12162162162162163,1.0,0.2,0.4,0.05,0.7868050193050193
45,Eastern,West Bengal,Kolkata,Dakshineswar Kali Temple,Temple,1855,1.0,4.7,0,Yes,,Religious,Yes,0.82,Morning,82000.0,0.9400000000000001,1.0,0.8571428571428572,0.11081081081081082,1.0,0.2,0.4,0.05,0.7857239382239383
31,Southern,Karnataka,Bangalore,ISKCON Temple Bangalore,Temple,1997,1.0,4.6,0,Yes,,Religious,Yes,1.14,Evening,113999.99999999999,0.9199999999999999,1.0,0.8571428571428572,0.15405405405405403,1.0,0.2,0.4,0.05,0.7850482625482624
186,Central,Uttar Pradesh,Vrindavan,Banke Bihari Temple,Temple,1864,1.0,4.8,0,Yes,,Religious,No,0.37,All,37000.0,0.96,1.0,0.8571428571428572,0.05,1.0,0.2,0.4,0.05,0.7846428571428571
30,Southern,Karnataka,Bangalore,Vidhana Soudha,Government Building,1956,0.5,4.6,0,Yes,,Architectural,No,0.8,Morning,80000.0,0.9199999999999999,1.0,0.9285714285714286,0.10810810810810811,1.0,0.15,0.1,0.05,0.7843822393822393
291,Southern,Andaman and Nicobar Islands,Havelock Island,Radhanagar Beach,Beach,Unknown,1.0,4.8,0,No,,Nature,Yes,0.09,Morning,9000.0,0.96,1.0,0.8571428571428572,0.012162162162162163,1.0,0.3,0.4,0.0,0.7833590733590734
306,Northern,Uttarakhand,Kedarnath,Kedarnath,Temple,Unknown,1.5,4.8,0,No,,Religious,No,2.0,All,200000.0,0.96,1.0,0.7857142857142857,0.2702702702702703,1.0,0.2,0.4,0.0,0.7827413127413126
258,Southern,Andhra Pradesh,Vizianagaram,Simhachalam Temple,Temple,198,1.0,4.7,0,Yes,,Religious,No,0.59,All,59000.0,0.9400000000000001,1.0,0.8571428571428572,0.07972972972972973,1.0,0.2,0.4,0.05,0.7826158301158301
32,Southern,Telangana,Hyderabad,Charminar,Landmark,1591,1.0,4.5,25,Yes,Friday,Historical,Yes,2.1,Morning,210000.0,0.9,0.9966666666666667,0.8571428571428572,0.28378378378378377,1.0,0.3,0.1,0.05,0.7825212355212355
119,Southern,Karnataka,Murudeshwar,Murudeshwar Temple,Temple,Unknown,1.0,4.7,0,Yes,,Religious,No,0.49,All,49000.0,0.9400000000000001,1.0,0.8571428571428572,0.06621621621621622,1.0,0.2,0.4,0.05,0.7812644787644788
174,Northern,Uttarakhand,Badrinath,Badrinath Temple,Temple,-820,1.0,4.8,0,No,,Religious,No,0.29,All,28999.999999999996,0.96,1.0,0.8571428571428572,0.039189189189189184,1.0,0.2,0.4,0.0,0.7810617760617761
214,Central,Uttar Pradesh,Mathura,Barsana Mandir,Temple,Unknown,1.0,4.8,0,Yes,,Religious,Yes,0.1,Morning,10000.0,0.96,1.0,0.8571428571428572,0.013513513513513514,1.0,0.2,0.4,0.05,0.7809942084942084
99,Southern,Kerala,Thiruvananthapuram,Padmanabhaswamy Temple,Temple,Unknown,1.0,4.7,0,Yes,,Religious,No,0.46,All,46000.0,0.9400000000000001,1.0,0.8571428571428572,0.062162162162162166,1.0,0.2,0.4,0.05,0.7808590733590735
248,Southern,Andhra Pradesh,Vijayawada,Kanaka Durga Temple,Temple,Unknown,1.0,4.7,0,Yes,,Religious,No,0.44,All,44000.0,0.9400000000000001,1.0,0.8571428571428572,0.05945945945945946,1.0,0.2,0.4,0.05,0.7805888030888032
193,Central,Uttar Pradesh,Meerut,Augarnath Temple,Temple,Unknown,1.0,4.8,0,Yes,,Religious,No,0.045,All,4500.0,0.96,1.0,0.8571428571428572,0.006081081081081081,1.0,0.2,0.4,0.05,0.7802509652509652
38,Southern,Telangana,Hyderabad,Birla Mandir,Temple,1976,1.0,4.7,0,Yes,,Religious,No,0.41,All,41000.0,0.9400000000000001,1.0,0.8571428571428572,0.05540540540540541,1.0,0.2,0.4,0.05,0.7801833976833977
21,Western,Maharastra,Mumbai,Mahalaxmi Temple,Temple,1831,1.0,4.7,0,Yes,,Religious,No,0.33,All,33000.0,0.9400000000000001,1.0,0.8571428571428572,0.0445945945945946,1.0,0.2,0.4,0.05,0.7791023166023167
305,Northern,Delhi,New Delhi,Gurudwara Bangla Sahib,Gurudwara,Unknown,1.0,4.8,0,Yes,,Religious,Yes,1.05,All,105000.0,0.96,1.0,0.8571428571428572,0.14189189189189189,1.0,0.2,0.1,0.05,0.7788320463320463
250,Southern,Andhra Pradesh,Srisailam,Mallikarjuna Swamy Temple,Temple,14th century,1.0,4.7,0,No,,Religious,No,0.49,All,49000.0,0.9400000000000001,1.0,0.8571428571428572,0.06621621621621622,1.0,0.2,0.4,0.0,0.7787644787644789
241,Southern,Tamil Nadu,Coimbatore,Marudamalai Temple,Temple,12th century,1.0,4.7,0,Yes,,Religious,No,0.3,All,30000.0,0.9400000000000001,1.0,0.8571428571428572,0.04054054054054054,1.0,0.2,0.4,0.05,0.7786969111969112
247,Southern,Tamil Nadu,Chidambaram,Nataraja Temple,Temple,10th century,1.0,4.7,0,Yes,,Religious,No,0.28,All,28000.000000000004,0.9400000000000001,1.0,0.8571428571428572,0.03783783783783784,1.0,0.2,0.4,0.05,0.7784266409266409
276,North Eastern,Assam,Sivasagar,Sivasagar Sivadol,Temple,1734,1.0,4.7,0,No,,Historical,Yes,0.065,All,6500.0,0.9400000000000001,1.0,0.8571428571428572,0.008783783783783784,1.0,0.3,0.4,0.0,0.7780212355212356
178,Northern,Uttarakhand,Uttarkashi,Gangotri Temple,Temple,1751,1.0,4.8,0,No,,Religious,No,0.05,All,5000.0,0.96,1.0,0.8571428571428572,0.006756756756756757,1.0,0.2,0.4,0.0,0.7778185328185329
184,Central,Uttar Pradesh,Mathura,Krishna Janmabhoomi,Temple,Unknown,1.0,4.7,0,Yes,,Religious,No,0.13,All,13000.0,0.9400000000000001,1.0,0.8571428571428572,0.01756756756756757,1.0,0.2,0.4,0.05,0.776399613899614
271,Eastern,Sikkim,Gangtok,Baba Harbhajan Singh Temple,Temple,1967,1.0,4.7,0,Yes,,Religious,No,0.075,All,7500.0,0.9400000000000001,1.0,0.8571428571428572,0.010135135135135136,1.0,0.2,0.4,0.05,0.7756563706563707
254,Southern,Andhra Pradesh,Amravati,Amaravathi Temple,Temple,Unknown,1.0,4.7,0,Yes,,Religious,No,0.041,All,4100.0,0.9400000000000001,1.0,0.8571428571428572,0.00554054054054054,1.0,0.2,0.4,0.05,0.7751969111969113
244,Southern,Tamil Nadu,Mahabalipuram,Shore Temple,Temple,7th century,1.0,4.6,40,Yes,,Historical,No,0.09,All,9000.0,0.9199999999999999,0.9946666666666667,0.8571428571428572,0.012162162162162163,1.0,0.3,0.4,0.05,0.7750590733590733
140,Central,Madhya Pradesh,Ujjain,Mahakaleshwar Jyotirlinga,Temple,-3500,1.5,4.8,0,Yes,,Religious,No,1.2,All,120000.0,0.96,1.0,0.7857142857142857,0.16216216216216217,1.0,0.2,0.4,0.05,0.7744305019305019
227,Eastern,Odisha,Bhubaneswar,Lingaraj Temple,Temple,11th century,1.0,4.6,0,Yes,,Religious,No,0.35,All,35000.0,0.9199999999999999,1.0,0.8571428571428572,0.0472972972972973,1.0,0.2,0.4,0.05,0.7743725868725868
279,North Eastern,Assam,Hajo,Hayagriva Madhava Temple,Temple,Unknown,1.0,4.5,0,No,,Religious,Yes,0.9,All,90000.0,0.9,1.0,0.8571428571428572,0.12162162162162163,1.0,0.2,0.4,0.0,0.7743050193050194
93,Northern,Punjab,Amritsar,Jallianwala Bagh,Memorial,1951,1.0,4.8,0,Yes,,Historical,Yes,0.3,Afternoon,30000.0,0.96,1.0,0.8571428571428572,0.04054054054054054,1.0,0.3,0.1,0.05,0.7736969111969111
128,Western,Maharastra,Ratnagiri,Ganapatipule Temple,Temple,1600,1.0,4.7,0,No,,Religious,No,0.1,All,10000.0,0.9400000000000001,1.0,0.8571428571428572,0.013513513513513514,1.0,0.2,0.4,0.0,0.7734942084942086
122,Southern,Karnataka,Halebidu,Halebidu Hoysaleswara Temple,Temple,1121,1.0,4.7,15,No,,Religious,No,0.11,All,11000.0,0.9400000000000001,0.998,0.8571428571428572,0.014864864864864866,1.0,0.2,0.4,0.0,0.7733293436293437
6,Northern,Delhi,Delhi,Lotus Temple,Temple,1986,1.0,4.5,0,Yes,Monday,Religious,Yes,0.59,Evening,59000.0,0.9,1.0,0.8571428571428572,0.07972972972972973,1.0,0.2,0.4,0.05,0.7726158301158301
14,Northern,Delhi,Delhi,Qutub Minar,Monument,1192,1.0,4.5,35,Yes,,Historical,Yes,1.37,Afternoon,137000.0,0.9,0.9953333333333333,0.8571428571428572,0.18513513513513513,1.0,0.3,0.1,0.05,0.7724563706563706
246,Southern,Tamil Nadu,Tirunelveli,Nellaiappar Temple,Temple,7th century,1.0,4.6,0,Yes,,Religious,No,0.16,All,16000.0,0.9199999999999999,1.0,0.8571428571428572,0.021621621621621623,1.0,0.2,0.4,0.05,0.7718050193050192
297,Eastern,Jharkhand,Ranchi,Pahari Mandir,Temple,Unknown,1.0,4.6,0,Yes,,Religious,Yes,0.13,All,13000.0,0.9199999999999999,1.0,0.8571428571428572,0.01756756756756757,1.0,0.2,0.4,0.05,0.7713996138996139
91,Northern,Rajasthan,Udaipur,Lake Pichola,Lake,1362,1.0,4.6,0,Yes,,Nature,Yes,0.5,All,50000.0,0.9199999999999999,1.0,0.8571428571428572,0.06756756756756757,1.0,0.3,0.2,0.05,0.7713996138996139
212,Central,Uttar Pradesh,Porbandar,Kirti Mandir,Memorial,1950,1.0,4.8,0,Yes,,Historical,Yes,0.03,Morning,3000.0,0.96,1.0,0.8571428571428572,0.004054054054054054,1.0,0.3,0.1,0.05,0.7700482625482625
232,Eastern,Odisha,Berhampur,Tara Tarini Temple,Temple,Ancient,1.0,4.6,0,Yes,,Religious,No,0.01,All,1000.0,0.9199999999999999,1.0,0.8571428571428572,0.0013513513513513514,1.0,0.2,0.4,0.05,0.7697779922779923
163,Northern,Himachal Pradesh,Manikaran,Manikaran Sahib,Gurudwara,1980,1.0,4.6,0,No,,Religious,Yes,1.3,Morning,130000.0,0.9199999999999999,1.0,0.8571428571428572,0.17567567567567569,1.0,0.2,0.1,0.0,0.7697104247104247
92,Northern,Punjab,Amritsar,Golden Temple (Harmandir Sahib),Religious Site,1604,1.5,4.9,0,Yes,,Spiritual,Yes,1.9,All,190000.0,0.9800000000000001,1.0,0.7857142857142857,0.25675675675675674,1.0,0.1,0.1,0.05,0.7688899613899614
226,Eastern,Odisha,Konark,Sun Temple,Temple,1250,1.5,4.7,40,Yes,,Historical,Yes,0.83,All,83000.0,0.9400000000000001,0.9946666666666667,0.7857142857142857,0.11216216216216217,1.0,0.3,0.4,0.05,0.768630501930502
287,Southern,Puducherry,Puducherry,Promenade Beach,Beach,Unknown,1.0,4.5,0,Yes,,Recreational,Yes,0.09,Morning,9000.0,0.9,1.0,0.8571428571428572,0.012162162162162163,1.0,0.25,0.4,0.05,0.7683590733590734
87,Northern,Rajasthan,Mount Abu,Dilwara Temples,Temple,1100,1.0,4.6,0,No,,Religious,No,0.05,All,5000.0,0.9199999999999999,1.0,0.8571428571428572,0.006756756756756757,1.0,0.2,0.4,0.0,0.7678185328185329
292,Southern,Andaman and Nicobar Islands,Neil Island,Bharatpur Beach,Beach,Unknown,1.0,4.5,0,No,,Nature,Yes,0.04,Morning,4000.0,0.9,1.0,0.8571428571428572,0.005405405405405406,1.0,0.3,0.4,0.0,0.7676833976833978
29,Southern,Karnataka,Bangalore,Cubbon Park,Park,1870,1.0,4.4,0,Yes,,Nature,Yes,1.32,Morning,132000.0,0.8800000000000001,1.0,0.8571428571428572,0.1783783783783784,1.0,0.3,0.1,0.05,0.767480694980695
207,Northern,Ladakh,Dras,Dras War Memorial,War Memorial,Unknown,1.0,4.8,0,No,,Historical,Yes,0.012,All,1200.0,0.96,1.0,0.8571428571428572,0.0016216216216216215,1.0,0.3,0.1,0.0,0.7673050193050193
203,Northern,Ladakh,Kargil,Kargil War Memorial,War Memorial,24,1.0,4.8,0,No,,Historical,Yes,0.011,All,1100.0,0.96,1.0,0.8571428571428572,0.0014864864864864865,1.0,0.3,0.1,0.0,0.7672915057915057
46,Eastern,West Bengal,Kolkata,Kalighat Kali Temple,Temple,1809,1.0,4.4,0,Yes,,Religious,Yes,0.5,Morning,50000.0,0.8800000000000001,1.0,0.8571428571428572,0.06756756756756757,1.0,0.2,0.4,0.05,0.766399613899614
229,Eastern,Odisha,Cuttack,Barabati Fort,Fort,-987,1.0,4.5,0,Yes,,Historical,Yes,0.13,All,13000.0,0.9,1.0,0.8571428571428572,0.01756756756756757,1.0,0.3,0.3,0.05,0.766399613899614
239,Southern,Tamil Nadu,Kanyakumari,Vivekananda Rock Memorial,Memorial,1970,1.0,4.6,20,Yes,,Historical,No,0.47,Morning,47000.0,0.9199999999999999,0.9973333333333333,0.8571428571428572,0.06351351351351352,1.0,0.3,0.1,0.05,0.7655942084942085
260,Southern,Andhra Pradesh,Visakhapatnam,Submarine Museum,Museum,22,1.0,4.6,40,Yes,,Historical,Yes,0.49,All,49000.0,0.9199999999999999,0.9946666666666667,0.8571428571428572,0.06621621621621622,1.0,0.3,0.1,0.05,0.7654644787644787
185,Central,Uttar Pradesh,Ayodhya,Ram Janmabhoomi,Religious Site,Unknown,1.0,4.8,0,Yes,,Religious,No,0.025,All,2500.0,0.96,1.0,0.8571428571428572,0.0033783783783783786,1.0,0.2,0.1,0.05,0.7649806949806949
211,Central,Uttar Pradesh,Vrindavan,Prem Mandir,Temple,2012,1.5,4.8,0,Yes,,Religious,Yes,0.49,Evening,49000.0,0.96,1.0,0.7857142857142857,0.06621621621621622,1.0,0.2,0.4,0.05,0.7648359073359072
289,Southern,Puducherry,Puducherry,Paradise Beach,Beach,Unknown,1.0,4.5,200,Yes,,Recreational,Yes,0.015,Morning,1500.0,0.9,0.9733333333333334,0.8571428571428572,0.002027027027027027,1.0,0.25,0.4,0.05,0.7633455598455599
300,Eastern,Bihar,Patna,Takhat Shri Harimandir Ji Patna Sahib,Gurudwara,Unknown,1.0,4.7,0,Yes,,Religious,Yes,0.25,All,25000.0,0.9400000000000001,1.0,0.8571428571428572,0.033783783783783786,1.0,0.2,0.1,0.05,0.7630212355212356
243,Southern,Tamil Nadu,Thanjavur,Brihadeeswarar Temple,Temple,110,1.5,4.8,0,Yes,,Religious,No,0.35,All,35000.0,0.96,1.0,0.7857142857142857,0.0472972972972973,1.0,0.2,0.4,0.05,0.7629440154440154
53,Southern,Goa,Goa,Basilica of Bom Jesus,Church,1605,1.0,4.5,0,Yes,,Historical,Yes,0.59,Afternoon,59000.0,0.9,1.0,0.8571428571428572,0.07972972972972973,1.0,0.3,0.1,0.05,0.7626158301158301
150,Northern,Himachal Pradesh,Shimla,The Ridge,Scenic Point,Unknown,1.0,4.7,0,Yes,,Recreational,Yes,0.03,Morning,3000.0,0.9400000000000001,1.0,0.8571428571428572,0.004054054054054054,1.0,0.25,0.1,0.05,0.7625482625482626
126,Western,Maharastra,Shirdi,Sai Baba Temple,Temple,1922,1.5,4.7,0,Yes,,Religious,No,0.69,All,69000.0,0.9400000000000001,1.0,0.7857142857142857,0.09324324324324325,1.0,0.2,0.4,0.05,0.76253861003861
270,Eastern,Sikkim,Ravangla,Buddha Park,Park,213,1.0,4.8,50,Yes,,Cultural,Yes,0.1,All,10000.0,0.96,0.9933333333333333,0.8571428571428572,0.013513513513513514,1.0,0.15,0.1,0.05,0.7624942084942083
154,Northern,Himachal Pradesh,Spiti Valley,Key Monastery,Monastery,1100,1.0,4.8,0,No,,Religious,Yes,0.025,Morning,2500.0,0.96,1.0,0.8571428571428572,0.0033783783783783786,1.0,0.2,0.1,0.0,0.7624806949806949
295,Western,Daman and Diu,Diu,Diu Fort,Fort,1535,1.5,4.6,0,No,,Historical,Yes,1.2,Afternoon,120000.0,0.9199999999999999,1.0,0.7857142857142857,0.16216216216216217,1.0,0.3,0.3,0.0,0.7619305019305019
313,Northern,Delhi,New Delhi,Jama Masjid,Mosque,1656,1.0,4.5,0,Yes,,Historical,Yes,0.49,All,49000.0,0.9,1.0,0.8571428571428572,0.06621621621621622,1.0,0.3,0.1,0.05,0.7612644787644788
257,Southern,Andhra Pradesh,Puttaparthi,Prasanthi Nilayam,Spiritual Center,1950,1.0,4.7,0,Yes,,Religious,Yes,0.12,All,12000.0,0.9400000000000001,1.0,0.8571428571428572,0.016216216216216217,1.0,0.2,0.1,0.05,0.7612644787644788
107,Southern,Kerala,Kannur,St. Angelo Fort,Fort,1505,1.0,4.4,20,Yes,,Historical,Yes,0.11,All,11000.0,0.8800000000000001,0.9973333333333333,0.8571428571428572,0.014864864864864866,1.0,0.3,0.3,0.05,0.7607293436293436
262,Southern,Andhra Pradesh,Visakhapatnam,War Memorial,War Memorial,Unknown,1.0,4.6,0,Yes,,Historical,Yes,0.059,All,5900.0,0.9199999999999999,1.0,0.8571428571428572,0.007972972972972973,1.0,0.3,0.1,0.05,0.7604401544401543
189,Central,Uttar Pradesh,Sarnath,Dhamek Stupa,Monument,-500,1.0,4.6,5,Yes,,Historical,Yes,0.065,All,6500.0,0.9199999999999999,0.9993333333333333,0.8571428571428572,0.008783783783783784,1.0,0.3,0.1,0.05,0.7604212355212354
294,Western,Daman and Diu,Diu,Naida Caves,Cave,Unknown,1.0,4.5,0,No,,Nature,Yes,0.6,Afternoon,60000.0,0.9,1.0,0.8571428571428572,0.08108108108108109,1.0,0.3,0.1,0.0,0.7602509652509654
84,Northern,Rajasthan,Ajmer,Ajmer Sharif Dargah,Shrine,1236,1.0,4.6,0,Yes,,Religious,No,0.35,All,35000.0,0.9199999999999999,1.0,0.8571428571428572,0.0472972972972973,1.0,0.2,0.1,0.05,0.7593725868725868
79,Northern,Rajasthan,Jaipur,Hawa Mahal,Palace,1799,1.0,4.4,50,Yes,,Architectural,Yes,1.3,Morning,130000.0,0.8800000000000001,0.9933333333333333,0.8571428571428572,0.17567567567567569,1.0,0.15,0.1,0.05,0.7587104247104247
75,Western,Gujarat,Ahmedabad,Sabarmati Riverfront,Urban Development Project,2012,1.0,4.6,0,Yes,,Recreational,Yes,0.1,Evening,10000.0,0.9199999999999999,1.0,0.8571428571428572,0.013513513513513514,1.0,0.25,0.1,0.05,0.7584942084942083
138,Central,Madhya Pradesh,Indore,Rajwada Palace,Palace,1747,1.0,4.4,10,Yes,,Historical,Yes,0.63,Afternoon,63000.0,0.8800000000000001,0.9986666666666667,0.8571428571428572,0.08513513513513514,1.0,0.3,0.1,0.05,0.7579563706563707
209,Northern,Ladakh,Leh,Khardung La Pass,Hill,Unknown,1.0,4.5,0,Yes,,Adventure,Yes,0.05,Afternoon,5000.0,0.9,1.0,0.8571428571428572,0.006756756756756757,1.0,0.35,0.1,0.05,0.7578185328185328
83,Northern,Rajasthan,Pushkar,Pushkar Lake,Temple,1400,1.5,4.4,0,No,,Religious,Yes,1.6,All,160000.0,0.8800000000000001,1.0,0.7857142857142857,0.21621621621621623,1.0,0.2,0.4,0.0,0.7573359073359074
148,Central,Madhya Pradesh,Amarkantak,Narmada Udgam Temple,Temple,1200,1.0,4.4,0,No,,Religious,Yes,0.01,All,1000.0,0.8800000000000001,1.0,0.8571428571428572,0.0013513513513513514,1.0,0.2,0.4,0.0,0.7572779922779924
283,North Eastern,Tripura,Dumboor,Dumboor Lake,Lake,Unknown,1.0,4.5,0,No,,Nature,Yes,0.01,Morning,1000.0,0.9,1.0,0.8571428571428572,0.0013513513513513514,1.0,0.3,0.2,0.0,0.7572779922779924
204,Northern,Ladakh,Diskit,Diskit Monastery,Monastery,1351,1.0,4.7,20,No,,Religious,No,0.015,Morning,1500.0,0.9400000000000001,0.9973333333333333,0.8571428571428572,0.002027027027027027,1.0,0.2,0.1,0.0,0.7569455598455599
145,Central,Madhya Pradesh,Orchha,Orchha Fort,Fort,1500,1.5,4.8,10,No,,Historical,Yes,0.1,Afternoon,10000.0,0.96,0.9986666666666667,0.7857142857142857,0.013513513513513514,1.0,0.3,0.3,0.0,0.756865637065637
255,Southern,Andhra Pradesh,Guntur,Uppalapadu Bird Sanctuary,Bird Sanctuary,Unknown,1.0,4.4,10,Yes,,Wildlife,Yes,0.7,All,70000.0,0.8800000000000001,0.9986666666666667,0.8571428571428572,0.0945945945945946,1.0,0.25,0.1,0.05,0.7564023166023166
298,Eastern,Bihar,Bodh Gaya,Mahabodhi Temple,Temple,-260,1.5,4.7,0,Yes,,Religious,Yes,0.2,All,20000.0,0.9400000000000001,1.0,0.7857142857142857,0.02702702702702703,1.0,0.2,0.4,0.05,0.7559169884169884
223,Eastern,West Bengal,Cooch Behar,Cooch Behar Palace,Palace,1887,1.0,4.5,20,Yes,Friday,Historical,Yes,0.09,All,9000.0,0.9,0.9973333333333333,0.8571428571428572,0.012162162162162163,1.0,0.3,0.1,0.05,0.7554590733590734
58,Southern,Goa,Goa,Se Cathedral,Church,1640,1.0,4.5,0,Yes,,Historical,Yes,0.05,Afternoon,5000.0,0.9,1.0,0.8571428571428572,0.006756756756756757,1.0,0.3,0.1,0.05,0.7553185328185329
152,Northern,Himachal Pradesh,dalhousie,Dalai Lama Temple,Temple,1959,1.5,4.7,0,Yes,,Religious,No,0.15,All,15000.0,0.9400000000000001,1.0,0.7857142857142857,0.02027027027027027,1.0,0.2,0.4,0.05,0.7552413127413128
269,Eastern,Sikkim,Gangtok,Rumtek Monastery,Monastery,1960s,1.0,4.6,10,Yes,,Religious,No,0.035,Morning,3500.0000000000005,0.9199999999999999,0.9986666666666667,0.8571428571428572,0.00472972972972973,1.0,0.2,0.1,0.05,0.7549158301158301
314,Southern,Tamil Nadu,Rameswaram,Ramanathaswamy Temple,Temple,Unknown,1.5,4.7,0,Yes,,Religious,No,0.1,All,10000.0,0.9400000000000001,1.0,0.7857142857142857,0.013513513513513514,1.0,0.2,0.4,0.05,0.7545656370656371
18,Western,Maharastra,Mumbai,Chhatrapati Shivaji Maharaj Vastu Sangrahalaya,Museum,1922,1.0,4.6,500,Yes,,Historical,Yes,0.34,All,34000.0,0.9199999999999999,0.9333333333333333,0.8571428571428572,0.04594594594594595,1.0,0.3,0.1,0.05,0.7542374517374516
108,Southern,Kerala,Nelliyampathy,Seethargundu Viewpoint,Viewpoint,Unknown,1.0,4.5,0,No,,Nature,Yes,0.03,Morning,3000.0,0.9,1.0,0.8571428571428572,0.004054054054054054,1.0,0.3,0.1,0.0,0.7525482625482627
215,Eastern,West Bengal,Darjeeling,Tiger Hill,Sunrise Point,Unknown,1.0,4.5,0,No,,Nature,Yes,0.025,All,2500.0,0.9,1.0,0.8571428571428572,0.0033783783783783786,1.0,0.3,0.1,0.0,0.752480694980695
141,Central,Madhya Pradesh,Jabalpur,Dhuandhar Falls,Waterfall,Unknown,1.0,4.5,0,No,,Nature,Yes,0.01,Morning,1000.0,0.9,1.0,0.8571428571428572,0.0013513513513513514,1.0,0.3,0.1,0.0,0.7522779922779924
57,Southern,Goa,Goa,Chapora Fort,Fort,1617,1.0,4.2,0,Yes,,Historical,Yes,0.19,Evening,19000.0,0.8400000000000001,1.0,0.8571428571428572,0.025675675675675677,1.0,0.3,0.3,0.05,0.7522104247104248
267,Eastern,Sikkim,Pelling,Pemayangtse Monastery,Monastery,1705,1.0,4.6,20,No,,Religious,No,0.015,Morning,1500.0,0.9199999999999999,0.9973333333333333,0.8571428571428572,0.002027027027027027,1.0,0.2,0.1,0.0,0.7519455598455599
37,Southern,Telangana,Hyderabad,Qutb Shahi Tombs,Tombs,1600,1.0,4.4,25,Yes,,Historical,Yes,0.2,Morning,20000.0,0.8800000000000001,0.9966666666666667,0.8571428571428572,0.02702702702702703,1.0,0.3,0.1,0.05,0.7518455598455598
129,Western,Maharastra,Nagpur,Deekshabhoomi,Monument,2001,1.0,4.5,0,Yes,,Religious,Yes,0.11,Afternoon,11000.0,0.9,1.0,0.8571428571428572,0.014864864864864866,1.0,0.2,0.1,0.05,0.7511293436293437
11,Northern,Delhi,Delhi,Lodhi Garden,Park,1500,1.0,4.5,0,Yes,,Botanical,Yes,0.48,All,48000.0,0.9,1.0,0.8571428571428572,0.06486486486486487,1.0,0.1,0.1,0.05,0.7511293436293437
51,Eastern,West Bengal,Kolkata,Marble Palace,Palace,1835,1.0,4.4,0,Yes,,Historical,Yes,0.1,Afternoon,10000.0,0.8800000000000001,1.0,0.8571428571428572,0.013513513513513514,1.0,0.3,0.1,0.05,0.7509942084942085
98,Southern,Kerala,Kochi,Fort Kochi,Site,1503,1.0,4.4,0,Yes,,Historical,Yes,0.1,All,10000.0,0.8800000000000001,1.0,0.8571428571428572,0.013513513513513514,1.0,0.3,0.1,0.05,0.7509942084942085
249,Southern,Andhra Pradesh,Visakhapatnam,Rishikonda Beach,Beach,Unknown,1.5,4.5,0,Yes,,Recreational,Yes,0.39,Morning,39000.0,0.9,1.0,0.7857142857142857,0.052702702702702706,1.0,0.25,0.4,0.05,0.7509845559845559
20,Western,Maharastra,Mumbai,Siddhivinayak Temple,Temple,1881,2.0,4.8,0,Yes,,Religious,No,1.05,All,105000.0,0.96,1.0,0.7142857142857143,0.14189189189189189,1.0,0.2,0.4,0.05,0.7509749034749035
187,Central,Uttar Pradesh,Allahabad,Triveni Sangam,Confluence,Unknown,1.0,4.5,0,Yes,,Religious,Yes,0.09,Morning,9000.0,0.9,1.0,0.8571428571428572,0.012162162162162163,1.0,0.2,0.1,0.05,0.7508590733590734
170,Northern,Uttarakhand,Haridwar,Har Ki Pauri,Ghat,Unknown,1.0,4.5,0,Yes,,Religious,Yes,0.025,All,2500.0,0.9,1.0,0.8571428571428572,0.0033783783783783786,1.0,0.2,0.1,0.05,0.749980694980695
111,Southern,Karnataka,Mysore,Mysore Palace,Palace,1912,2.0,4.6,50,Yes,,Historical,Yes,2.5,All,250000.0,0.9199999999999999,0.9933333333333333,0.7142857142857143,0.33783783783783783,1.0,0.3,0.1,0.05,0.749569498069498
86,Northern,Rajasthan,Chittorgarh,Chittorgarh Fort,Fort,700,2.0,4.6,40,No,,Historical,Yes,1.9,All,190000.0,0.9199999999999999,0.9946666666666667,0.7142857142857143,0.25675675675675674,1.0,0.3,0.3,0.0,0.7491613899613899
28,Southern,Karnataka,Bangalore,Lalbagh Botanical Garden,Botanical Garden,1760,1.5,4.4,20,Yes,,Nature,Yes,1.5,Evening,150000.0,0.8800000000000001,0.9973333333333333,0.7857142857142857,0.20270270270270271,1.0,0.3,0.1,0.05,0.7480845559845559
235,Eastern,Odisha,Kendujhar,Sanaghagara Waterfall,Waterfall,Unknown,1.0,4.4,0,No,,Nature,Yes,0.055,All,5500.0,0.8800000000000001,1.0,0.8571428571428572,0.007432432432432433,1.0,0.3,0.1,0.0,0.7478861003861005
42,Eastern,West Bengal,Kolkata,Victoria Memorial,Museum,1921,1.5,4.6,30,Yes,Monday,Historical,Yes,0.73,Morning,73000.0,0.9199999999999999,0.996,0.7857142857142857,0.09864864864864865,1.0,0.3,0.1,0.05,0.7474791505791505
96,Southern,Kerala,Alappuzha,Alappuzha Beach,Beach,Unknown,1.5,4.5,0,Yes,,Recreational,Yes,0.11,All,11000.0,0.9,1.0,0.7857142857142857,0.014864864864864866,1.0,0.25,0.4,0.05,0.7472007722007722
118,Southern,Karnataka,Mangalore,Panambur Beach,Beach,Unknown,1.5,4.5,0,Yes,,Recreational,Yes,0.1,All,10000.0,0.9,1.0,0.7857142857142857,0.013513513513513514,1.0,0.25,0.4,0.05,0.747065637065637
228,Eastern,Odisha,Rourkela,Khandadhar Waterfall,Waterfall,Unknown,1.5,4.5,0,No,,Nature,Yes,1.2,All,120000.0,0.9,1.0,0.7857142857142857,0.16216216216216217,1.0,0.3,0.1,0.0,0.746930501930502
90,Northern,Rajasthan,Jaipur,Jaigarh Fort,Fort,1726,1.5,4.5,35,Yes,,Historical,Yes,0.3,All,30000.0,0.9,0.9953333333333333,0.7857142857142857,0.04054054054054054,1.0,0.3,0.3,0.05,0.7465683397683397
34,Southern,Telangana,Hyderabad,Hussain Sagar Lake,Lake,1563,1.0,4.3,0,Yes,,Scenic,Yes,0.5,Evening,50000.0,0.86,1.0,0.8571428571428572,0.06756756756756757,1.0,0.1,0.2,0.05,0.746399613899614
181,Central,Uttar Pradesh,Agra,Taj Mahal,Mausoleum,1632,2.0,4.6,50,Yes,Friday,Historical,Yes,2.25,Morning,225000.0,0.9199999999999999,0.9933333333333333,0.7142857142857143,0.30405405405405406,1.0,0.3,0.1,0.05,0.7461911196911196
301,Eastern,Bihar,Patna,Budhha Smriti Park,Park,Unknown,1.0,4.4,10,Yes,,Cultural,Yes,0.31,All,31000.0,0.8800000000000001,0.9986666666666667,0.8571428571428572,0.041891891891891894,1.0,0.15,0.1,0.05,0.7461320463320463
238,Southern,Tamil Nadu,Rameswaram,Ramanathaswamy Temple,Temple,12th century,1.5,4.6,0,No,,Religious,No,0.01,All,1000.0,0.9199999999999999,1.0,0.7857142857142857,0.0013513513513513514,1.0,0.2,0.4,0.0,0.7458494208494209
225,Eastern,Odisha,Puri,Jagannath Temple,Temple,12th century,2.0,4.7,0,Yes,,Religious,No,1.0,All,100000.0,0.9400000000000001,1.0,0.7142857142857143,0.13513513513513514,1.0,0.2,0.4,0.05,0.7452992277992277
240,Southern,Tamil Nadu,Ooty,Ooty Lake,Lake,1824,1.0,4.1,10,Yes,,Recreational,Yes,0.61,Morning,61000.0,0.82,0.9986666666666667,0.8571428571428572,0.08243243243243244,1.0,0.25,0.2,0.05,0.7451861003861002
8,Northern,Delhi,Delhi,Agrasen ki Baoli,Stepwell,1400,1.0,4.2,0,Yes,,Historical,Yes,0.41,Afternoon,41000.0,0.8400000000000001,1.0,0.8571428571428572,0.05540540540540541,1.0,0.3,0.1,0.05,0.7451833976833977
89,Northern,Rajasthan,Jaipur,Amber Fort,Fort,1592,2.0,4.6,100,Yes,,Historical,Yes,1.5,All,150000.0,0.9199999999999999,0.9866666666666667,0.7142857142857143,0.20270270270270271,1.0,0.3,0.3,0.05,0.7450559845559845
50,Eastern,West Bengal,Kolkata,Belur Math,Site,1898,1.5,4.7,0,Yes,,Religious,Yes,0.47,Morning,47000.0,0.9400000000000001,1.0,0.7857142857142857,0.06351351351351352,1.0,0.2,0.1,0.05,0.744565637065637
192,Central,Uttar Pradesh,Aligarh,Aligarh Fort,Fort,1524,1.0,4.1,20,Yes,,Historical,Yes,0.0165,Afternoon,1650.0,0.82,0.9973333333333333,0.8571428571428572,0.00222972972972973,1.0,0.3,0.3,0.05,0.7444658301158301
218,Eastern,West Bengal,Digha,Digha Beach,Beach,Unknown,1.5,4.5,0,No,,Recreational,Yes,0.09,Morning,9000.0,0.9,1.0,0.7857142857142857,0.012162162162162163,1.0,0.25,0.4,0.0,0.744430501930502
290,Southern,Andaman and Nicobar Islands,Port Blair,Cellular Jail,Landmark,1906,1.5,4.7,30,Yes,Monday,Historical,Yes,0.12,Afternoon,12000.0,0.9400000000000001,0.996,0.7857142857142857,0.016216216216216217,1.0,0.3,0.1,0.05,0.7442359073359073
105,Southern,Kerala,Bekal,Bekal Fort,Fort,1650,1.5,4.5,20,No,,Historical,Yes,0.22,All,22000.0,0.9,0.9973333333333333,0.7857142857142857,0.02972972972972973,1.0,0.3,0.3,0.0,0.7432872586872586
66,Western,Gujarat,Ahmedabad,Sabarmati Ashram,Historical,1915,1.5,4.6,0,Yes,,Historical,Yes,0.35,Morning,35000.0,0.9199999999999999,1.0,0.7857142857142857,0.0472972972972973,1.0,0.3,0.1,0.05,0.7429440154440153
137,Central,Madhya Pradesh,Bhopal,Sanchi Stupa,Monument,-300,1.5,4.7,30,Yes,,Historical,Yes,0.01,Afternoon,1000.0,0.9400000000000001,0.996,0.7857142857142857,0.0013513513513513514,1.0,0.3,0.1,0.05,0.7427494208494209
169,Northern,Uttarakhand,Rishikesh,Laxman Jhula,Suspension Bridge,1939,1.0,4.4,0,Yes,,Cultural,Yes,0.03,Morning,3000.0,0.8800000000000001,1.0,0.8571428571428572,0.004054054054054054,1.0,0.15,0.1,0.05,0.7425482625482626
233,Eastern,Odisha,Keonjhar,Badaghagara Waterfall,Waterfall,Unknown,1.0,4.3,0,No,,Nature,Yes,0.018,Morning,1799.9999999999998,0.86,1.0,0.8571428571428572,0.0024324324324324323,1.0,0.3,0.1,0.0,0.7423861003861004
230,Eastern,Odisha,Sambalpur,Hirakud Dam,Dam,1957,1.0,4.5,0,No,,Engineering Marvel,Yes,0.01,All,1000.0,0.9,1.0,0.8571428571428572,0.0013513513513513514,1.0,0.1,0.1,0.0,0.7422779922779924
41,Southern,Telangana,Hyderabad,Lumbini Park,Park,1994,1.0,4.1,20,Yes,,Recreational,Yes,0.73,Evening,73000.0,0.82,0.9973333333333333,0.8571428571428572,0.09864864864864865,1.0,0.25,0.1,0.05,0.7416077220077218
7,Northern,Delhi,Delhi,Red Fort,Fort,1648,2.0,4.5,35,Yes,,Historical,Yes,1.5,Afternoon,150000.0,0.9,0.9953333333333333,0.7142857142857143,0.20270270270270271,1.0,0.3,0.3,0.05,0.7413559845559845
188,Central,Uttar Pradesh,Jhansi,Jhansi Fort,Fort,1613,1.5,4.4,15,Yes,,Historical,Yes,0.25,All,25000.0,0.8800000000000001,0.998,0.7857142857142857,0.033783783783783786,1.0,0.3,0.3,0.05,0.741292664092664
54,Southern,Goa,Goa,Fort Aguada,Fort,1612,1.5,4.2,0,Yes,,Historical,Yes,0.95,Morning,95000.0,0.8400000000000001,1.0,0.7857142857142857,0.12837837837837837,1.0,0.3,0.3,0.05,0.7410521235521236
256,Southern,Andhra Pradesh,Kadapa,Gandikota Fort,Fort,12th century,1.5,4.5,0,No,,Historical,Yes,0.015,Morning,1500.0,0.9,1.0,0.7857142857142857,0.002027027027027027,1.0,0.3,0.3,0.0,0.7409169884169885
160,Northern,Himachal Pradesh,Mandi,Prashar Lake,Lake,1400,1.5,4.6,0,No,,Nature,Yes,0.01,Morning,1000.0,0.9199999999999999,1.0,0.7857142857142857,0.0013513513513513514,1.0,0.3,0.2,0.0,0.7408494208494208
237,Southern,Tamil Nadu,Madurai,Meenakshi Amman Temple,Temple,6th century AD,2.0,4.7,0,Yes,,Religious,No,0.65,All,65000.0,0.9400000000000001,1.0,0.7142857142857143,0.08783783783783784,1.0,0.2,0.4,0.05,0.740569498069498
245,Southern,Tamil Nadu,Yercaud,Yercaud Lake,Lake,Unknown,1.0,4.2,0,No,,Recreational,Yes,0.019,Morning,1900.0,0.8400000000000001,1.0,0.8571428571428572,0.0025675675675675674,1.0,0.25,0.2,0.0,0.7398996138996139
71,Western,Gujarat,Somnath,Somnath Temple,Temple,1951,2.0,4.8,0,No,,Religious,No,0.39,Morning,39000.0,0.96,1.0,0.7142857142857143,0.052702702702702706,1.0,0.2,0.4,0.0,0.7395559845559846
321,Central,Uttar Pradesh,Agra,Agra Fort,Fort,1565,2.0,4.5,40,Yes,,Historical,Yes,1.3,Afternoon,130000.0,0.9,0.9946666666666667,0.7142857142857143,0.17567567567567569,1.0,0.3,0.3,0.05,0.7385532818532818
201,Northern,Ladakh,Leh,Thiksey Monastery,Monastery,1430,1.5,4.7,20,Yes,,Religious,No,0.05,All,5000.0,0.9400000000000001,0.9973333333333333,0.7857142857142857,0.006756756756756757,1.0,0.2,0.1,0.05,0.7384899613899614
196,Northern,Ladakh,Leh,Pangong Tso,Lake,Unknown,2.0,4.9,20,Yes,,Nature,Yes,0.15,Morning,15000.0,0.9800000000000001,0.9973333333333333,0.7142857142857143,0.02027027027027027,1.0,0.3,0.2,0.05,0.7384127413127413
210,Northern,Ladakh,Leh,Thiksey Monastery,Monastery,1430,1.5,4.7,30,Yes,,Religious,No,0.05,All,5000.0,0.9400000000000001,0.996,0.7857142857142857,0.006756756756756757,1.0,0.2,0.1,0.05,0.7382899613899614
285,Central,Chhattisgarh,Bastar,Chitrakote Falls,Waterfall,Unknown,1.5,4.6,0,No,,Nature,Yes,0.19,Morning,19000.0,0.9199999999999999,1.0,0.7857142857142857,0.025675675675675677,1.0,0.3,0.1,0.0,0.7382818532818533
117,Southern,Karnataka,Shivamogga,Jog Falls,Waterfall,1900,1.5,4.6,30,No,,Nature,Yes,0.23,Morning,23000.0,0.9199999999999999,0.996,0.7857142857142857,0.031081081081081083,1.0,0.3,0.1,0.0,0.7382223938223939
265,Southern,Andhra Pradesh,Visakhapatnam,Visakha Museum,Museum,1991,1.0,4.3,10,Yes,,Cultural,Yes,0.065,All,6500.0,0.86,0.9986666666666667,0.8571428571428572,0.008783783783783784,1.0,0.15,0.1,0.05,0.7378212355212354
208,Northern,Ladakh,Leh,Magnetic Hill,Gravity Hill,Unknown,0.5,3.7,0,Yes,,Nature,Yes,0.1,All,10000.0,0.74,1.0,0.9285714285714286,0.013513513513513514,1.0,0.3,0.1,0.05,0.7374227799227798
67,Western,Gujarat,Dwarka,Dwarkadhish Temple,Temple,-400,2.0,4.7,0,No,,Religious,No,0.59,Evening,59000.0,0.9400000000000001,1.0,0.7142857142857143,0.07972972972972973,1.0,0.2,0.4,0.0,0.7372586872586873
153,Northern,Himachal Pradesh,Dalhousie,Khajjiar Lake,Lake,Unknown,1.5,4.5,0,No,,Nature,Yes,0.1,Morning,10000.0,0.9,1.0,0.7857142857142857,0.013513513513513514,1.0,0.3,0.2,0.0,0.7370656370656371
252,Southern,Andhra Pradesh,Anantapur,Lepakshi,Site,16th century,1.5,4.6,0,No,,Historical,Yes,0.075,All,7500.0,0.9199999999999999,1.0,0.7857142857142857,0.010135135135135136,1.0,0.3,0.1,0.0,0.7367277992277992
142,Central,Madhya Pradesh,Pachmarhi,Bee Falls,Waterfall,Unknown,1.5,4.6,15,No,,Nature,Yes,0.065,Morning,6500.0,0.9199999999999999,0.998,0.7857142857142857,0.008783783783783784,1.0,0.3,0.1,0.0,0.736292664092664
179,Northern,Uttarakhand,Chopta,Tungnath Temple,Temple,751,2.0,4.8,0,No,,Religious,No,0.09,All,9000.0,0.96,1.0,0.7142857142857143,0.012162162162162163,1.0,0.2,0.4,0.0,0.7355019305019306
165,Northern,Himachal Pradesh,Barot,Barot Valley,Valley,Unknown,2.0,4.7,0,No,,Nature,Yes,1.2,Morning,120000.0,0.9400000000000001,1.0,0.7142857142857143,0.16216216216216217,1.0,0.3,0.1,0.0,0.7355019305019305
219,Eastern,West Bengal,Murshidabad,Hazarduari Palace,Palace,1837,1.5,4.5,10,Yes,Friday,Historical,Yes,0.18,Morning,18000.0,0.9,0.9986666666666667,0.7857142857142857,0.024324324324324326,1.0,0.3,0.1,0.05,0.7354467181467181
275,North Eastern,Assam,Guwahati,Umananda Island,Island,Unknown,1.0,4.1,0,Yes,,Nature,Yes,0.01,Morning,1000.0,0.82,1.0,0.8571428571428572,0.0013513513513513514,1.0,0.3,0.1,0.05,0.7347779922779923
120,Southern,Karnataka,Bijapur,Gol Gumbaz,Mausoleum,1656,1.5,4.5,20,No,,Historical,Yes,0.25,All,25000.0,0.9,0.9973333333333333,0.7857142857142857,0.033783783783783786,1.0,0.3,0.1,0.0,0.7336926640926641
282,North Eastern,Tripura,Agartala,Ujjayanta Palace,Palace,1901,1.5,4.5,10,Yes,Monday,Historical,Yes,0.035,All,3500.0000000000005,0.9,0.9986666666666667,0.7857142857142857,0.00472972972972973,1.0,0.3,0.1,0.05,0.7334872586872587
85,Northern,Rajasthan,Jodhpur,Mehrangarh Fort,Fort,1459,2.0,4.6,100,Yes,,Historical,Yes,0.64,All,64000.0,0.9199999999999999,0.9866666666666667,0.7142857142857143,0.08648648648648649,1.0,0.3,0.3,0.05,0.7334343629343629
183,Central,Uttar Pradesh,Lucknow,Bara Imambara,Monument,1784,1.5,4.4,50,Yes,Monday,Historical,No,0.45,All,45000.0,0.8800000000000001,0.9933333333333333,0.7857142857142857,0.060810810810810814,1.0,0.3,0.1,0.05,0.7332953667953668
171,Northern,Uttarakhand,Dehradun,Robber's Cave,Cave,Unknown,1.5,4.5,25,Yes,,Nature,Yes,0.01,Morning,1000.0,0.9,0.9966666666666667,0.7857142857142857,0.0013513513513513514,1.0,0.3,0.1,0.05,0.7328494208494208
116,Southern,Karnataka,Badami,Badami Cave Temples,Cave,600,1.5,4.6,30,No,,Religious,No,0.2,All,20000.0,0.9199999999999999,0.996,0.7857142857142857,0.02702702702702703,1.0,0.2,0.1,0.0,0.7328169884169884
39,Southern,Telangana,Hyderabad,Chowmahalla Palace,Palace,1800,1.5,4.4,80,Yes,,Historical,Yes,0.45,Morning,45000.0,0.8800000000000001,0.9893333333333333,0.7857142857142857,0.060810810810810814,1.0,0.3,0.1,0.05,0.7326953667953667
113,Southern,Karnataka,Coorg,Abbey Falls,Waterfall,Unknown,1.0,4.1,0,No,,Nature,Yes,0.03,Morning,3000.0,0.82,1.0,0.8571428571428572,0.004054054054054054,1.0,0.3,0.1,0.0,0.7325482625482627
33,Southern,Telangana,Hyderabad,Golconda Fort,Fort,1600,2.0,4.4,30,Yes,,Historical,Yes,1.2,Morning,120000.0,0.8800000000000001,0.996,0.7142857142857143,0.16216216216216217,1.0,0.3,0.3,0.05,0.7324019305019304
123,Western,Maharastra,Pune,Shaniwar Wada,Fort,1732,2.0,4.4,50,Yes,,Historical,Yes,1.2,All,120000.0,0.8800000000000001,0.9933333333333333,0.7142857142857143,0.16216216216216217,1.0,0.3,0.3,0.05,0.7320019305019304
74,Western,Gujarat,Gandhinagar,Dandi Kutir,Museum,2013,1.5,4.5,0,No,,Historical,Yes,0.05,All,5000.0,0.9,1.0,0.7857142857142857,0.006756756756756757,1.0,0.3,0.1,0.0,0.7313899613899615
127,Western,Maharastra,Alibaug,Alibaug Beach,Beach,Unknown,1.5,4.2,0,Yes,,Recreational,Yes,0.05,Evening,5000.0,0.8400000000000001,1.0,0.7857142857142857,0.006756756756756757,1.0,0.25,0.4,0.05,0.7313899613899614
131,Western,Maharastra,Lonavala,Karla Caves,Cave,200,1.5,4.4,25,Yes,Yes,Historical,Yes,0.27,Afternoon,27000.0,0.8800000000000001,0.9966666666666667,0.7857142857142857,0.03648648648648649,1.0,0.3,0.1,0.05,0.7313629343629343
234,Eastern,Odisha,Balasore,Chandipur Beach,Beach,Unknown,1.5,4.2,0,Yes,,Recreational,Yes,0.014,Morning,1400.0,0.8400000000000001,1.0,0.7857142857142857,0.0018918918918918919,1.0,0.25,0.4,0.05,0.7309034749034748
284,North Eastern,Tripura,Unakoti,Unakoti Rock Carvings,Rock Carvings,700,1.5,4.5,20,No,,Historical,Yes,0.025,Morning,2500.0,0.9,0.9973333333333333,0.7857142857142857,0.0033783783783783786,1.0,0.3,0.1,0.0,0.7306521235521235
104,Southern,Kerala,Varkala,Varkala Beach,Beach,Unknown,2.0,4.6,0,Yes,,Recreational,Yes,0.1,All,10000.0,0.9199999999999999,1.0,0.7142857142857143,0.013513513513513514,1.0,0.25,0.4,0.05,0.7306370656370655
273,North Eastern,Assam,Guwahati,Kamakhya Temple,Temple,Unknown,2.0,4.6,0,Yes,,Religious,No,0.21,All,21000.0,0.9199999999999999,1.0,0.7142857142857143,0.02837837837837838,1.0,0.2,0.4,0.05,0.7296235521235521
134,Western,Maharashtra,Matheran,Echo Point,Viewpoint,1828,1.5,4.4,0,Yes,,Nature,Yes,0.02,Morning,2000.0,0.8800000000000001,1.0,0.7857142857142857,0.002702702702702703,1.0,0.3,0.1,0.05,0.728484555984556
106,Southern,Kerala,Kovalam,Kovalam Beach,Beach,Unknown,2.0,4.4,0,Yes,,Recreational,Yes,0.68,All,68000.0,0.8800000000000001,1.0,0.7142857142857143,0.0918918918918919,1.0,0.25,0.4,0.05,0.7284749034749034
132,Western,Maharashtra,Tarkarli,Tarkarli Beach,Beach,Unknown,2.0,4.6,0,No,,Recreational,Yes,0.065,Evening,6500.0,0.9199999999999999,1.0,0.7142857142857143,0.008783783783783784,1.0,0.25,0.4,0.0,0.7276640926640926
213,Central,Uttar Pradesh,Mathura,Nand Gaon,Village,Unknown,1.0,4.1,0,Yes,,Cultural,Yes,0.01,Morning,1000.0,0.82,1.0,0.8571428571428572,0.0013513513513513514,1.0,0.15,0.1,0.05,0.7272779922779923
63,Southern,Goa,Goa,Miramar Beach,Beach,Unknown,1.5,4.2,0,Yes,,Scenic,Yes,0.3,Evening,30000.0,0.8400000000000001,1.0,0.7857142857142857,0.04054054054054054,1.0,0.1,0.4,0.05,0.7272683397683397
149,Central,Madhya Pradesh,Chitrakoot,Chitrakoot Falls,Waterfall,Unknown,1.5,4.4,0,No,,Nature,Yes,0.1,Morning,10000.0,0.8800000000000001,1.0,0.7857142857142857,0.013513513513513514,1.0,0.3,0.1,0.0,0.7270656370656371
307,Central,Uttar Pradesh,Noida,DLF Mall of India,Mall,2016,2.0,4.6,0,Yes,,Shopping,Yes,1.5,All,150000.0,0.9199999999999999,1.0,0.7142857142857143,0.20270270270270271,1.0,0.1,0.1,0.05,0.7270559845559845
315,Central,Uttar Pradesh,Greater Noida,Buddh International Circuit,Race Track,2011,2.0,4.6,1500,Yes,Sunday,Sports,Yes,7.4,All,740000.0,0.9199999999999999,0.8,0.7142857142857143,1.0,0.5,0.1,0.1,0.05,0.7267857142857143
164,Northern,Himachal Pradesh,Narkanda,Hatu Peak,Viewpoint,Unknown,2.0,4.5,0,Yes,,Nature,Yes,1.1,All,110000.00000000001,0.9,1.0,0.7142857142857143,0.14864864864864866,1.0,0.3,0.1,0.05,0.7266505791505791
311,Southern,Karnataka,Bengaluru,Orion Mall,Mall,2012,2.0,4.5,0,Yes,,Shopping,Yes,1.8,All,180000.0,0.9,1.0,0.7142857142857143,0.24324324324324326,1.0,0.1,0.1,0.05,0.7261100386100385
159,Northern,Himachal Pradesh,Palampur,Tea Gardens,Tea Plantation,1950,1.5,4.6,0,Yes,,Agricultural,Yes,0.015,Morning,1500.0,0.9199999999999999,1.0,0.7857142857142857,0.002027027027027027,1.0,0.05,0.1,0.05,0.7259169884169883
114,Southern,Karnataka,Gokarna,Om Beach,Beach,Unknown,2.0,4.5,0,No,,Nature,Yes,0.09,All,9000.0,0.9,1.0,0.7142857142857143,0.012162162162162163,1.0,0.3,0.4,0.0,0.7255019305019306
61,Southern,Goa,Goa,Palolem Beach,Beach,Unknown,2.0,4.6,0,Yes,,Scenic,Yes,0.27,Evening,27000.0,0.9199999999999999,1.0,0.7142857142857143,0.03648648648648649,1.0,0.1,0.4,0.05,0.7254343629343629
172,Northern,Uttarakhand,Mussoorie,Kempty Falls,Waterfall,Unknown,1.5,4.2,15,Yes,,Nature,Yes,0.55,Morning,55000.00000000001,0.8400000000000001,0.998,0.7857142857142857,0.07432432432432433,1.0,0.3,0.1,0.05,0.725346718146718
88,Northern,Rajasthan,Bikaner,Junagarh Fort,Fort,1589,2.0,4.5,50,Yes,,Historical,Yes,0.32,All,32000.0,0.9,0.9933333333333333,0.7142857142857143,0.043243243243243246,1.0,0.3,0.3,0.05,0.7251100386100385
176,Northern,Uttarakhand,Ranikhet,Chaubatia Gardens,Orchard,1868,1.0,4.0,50,No,,Recreational,Yes,0.025,All,2500.0,0.8,0.9933333333333333,0.8571428571428572,0.0033783783783783786,1.0,0.25,0.1,0.0,0.723980694980695
304,Northern,Haryana,Gurugram,DLF CyberHub,Commercial Complex,Unknown,2.0,4.7,0,Yes,,Entertainment,Yes,0.71,Afternoon,71000.0,0.9400000000000001,1.0,0.7142857142857143,0.09594594594594595,1.0,0.15,0.1,0.05,0.7238803088803087
195,Northern,Jammu and Kashmir,Srinagar,Dal Lake,Lake,Unknown,2.0,4.6,0,Yes,,Nature,Yes,0.15,Morning,15000.0,0.9199999999999999,1.0,0.7142857142857143,0.02027027027027027,1.0,0.3,0.2,0.05,0.7238127413127413
253,Southern,Andhra Pradesh,Kurnool,Belum Caves,Cave,Unknown,1.5,4.4,65,Yes,,Natural Wonder,Yes,0.11,Afternoon,11000.0,0.8800000000000001,0.9913333333333333,0.7857142857142857,0.014864864864864866,1.0,0.2,0.1,0.05,0.7234007722007723
168,Northern,Uttarakhand,Nainital,Naini Lake,Lake,Unknown,1.5,4.2,0,Yes,,Nature,Yes,0.01,Morning,1000.0,0.8400000000000001,1.0,0.7857142857142857,0.0013513513513513514,1.0,0.3,0.2,0.05,0.7233494208494209
60,Southern,Goa,Goa,Arambol Beach,Beach,Unknown,2.0,4.6,0,Yes,,Scenic,Yes,0.1,Evening,10000.0,0.9199999999999999,1.0,0.7142857142857143,0.013513513513513514,1.0,0.1,0.4,0.05,0.7231370656370656
303,Northern,Haryana,Gurugram,Ambience Mall,Mall,Unknown,2.0,4.6,0,Yes,,Shopping,Yes,1.2,Afternoon,120000.0,0.9199999999999999,1.0,0.7142857142857143,0.16216216216216217,1.0,0.1,0.1,0.05,0.7230019305019305
16,Western,Maharastra,Mumbai,Marine Drive,Promenade,Unknown,2.0,4.5,0,Yes,,Scenic,Yes,1.5,Evening,150000.0,0.9,1.0,0.7142857142857143,0.20270270270270271,1.0,0.1,0.1,0.05,0.7220559845559845
94,Northern,Punjab,Amritsar,Wagah Border,Border Crossing,1950,2.0,4.8,0,Yes,,Cultural,Yes,0.17,Evening,17000.0,0.96,1.0,0.7142857142857143,0.022972972972972974,1.0,0.15,0.1,0.05,0.7215830115830115
146,Central,Madhya Pradesh,Mandu,Jahaz Mahal,Site,1500,1.0,3.9,50,No,,Historical,Yes,0.03,Afternoon,3000.0,0.78,0.9933333333333333,0.8571428571428572,0.004054054054054054,1.0,0.3,0.1,0.0,0.7215482625482627
59,Southern,Goa,Goa,Baga Beach,Beach,Unknown,2.0,4.5,0,Yes,,Scenic,Yes,0.35,Evening,35000.0,0.9,1.0,0.7142857142857143,0.0472972972972973,1.0,0.1,0.4,0.05,0.721515444015444
293,Southern,Andaman and Nicobar Islands,Baratang Island,Limestone Caves,Natural Feature,Unknown,1.5,4.4,250,No,,Nature,Yes,0.015,Morning,1500.0,0.8800000000000001,0.9666666666666667,0.7857142857142857,0.002027027027027027,1.0,0.3,0.1,0.0,0.7209169884169885
191,Central,Uttar Pradesh,Noida,Okhla Bird Sanctuary,Bird Sanctuary,1990,1.5,4.3,30,Yes,,Wildlife,Yes,0.035,All,3500.0000000000005,0.86,0.996,0.7857142857142857,0.00472972972972973,1.0,0.25,0.1,0.05,0.7205872586872586
109,Southern,Kerala,Kochi,Kerala Folklore Museum,Cultural,2009,1.5,4.4,100,Yes,Monday,Cultural,Yes,0.1,All,10000.0,0.8800000000000001,0.9866666666666667,0.7857142857142857,0.013513513513513514,1.0,0.15,0.1,0.05,0.720065637065637
272,Eastern,Sikkim,Gangtok,Tsomgo Lake,Lake,Unknown,2.0,4.5,0,Yes,,Nature,Yes,0.15,Morning,15000.0,0.9,1.0,0.7142857142857143,0.02027027027027027,1.0,0.3,0.2,0.05,0.7188127413127413
44,Eastern,West Bengal,Kolkata,Indian Museum,Museum,1814,2.0,4.6,50,Yes,Monday,Historical,Yes,0.18,Morning,18000.0,0.9199999999999999,0.9933333333333333,0.7142857142857143,0.024324324324324326,1.0,0.3,0.1,0.05,0.7182181467181467
312,Southern,Telangana,Hyderabad,Inorbit Mall Cyberabad,Mall,2004,2.0,4.5,0,Yes,,Shopping,Yes,1.2,All,120000.0,0.9,1.0,0.7142857142857143,0.16216216216216217,1.0,0.1,0.1,0.05,0.7180019305019304
268,Eastern,Sikkim,Namchi,Char Dham,Religious Complex,211,2.0,4.7,50,Yes,,Religious,No,0.12,All,12000.0,0.9400000000000001,0.9933333333333333,0.7142857142857143,0.016216216216216217,1.0,0.2,0.1,0.05,0.7174073359073359
264,Southern,Andhra Pradesh,Visakhapatnam,Matsyadarshini Aquarium,Aquarium,Unknown,1.0,3.8,20,Yes,,Recreational,Yes,0.03,All,3000.0,0.76,0.9973333333333333,0.8571428571428572,0.004054054054054054,1.0,0.25,0.1,0.05,0.7171482625482625
236,Southern,Tamil Nadu,Chennai,Marina Beach,Beach,Unknown,1.5,3.9,0,Yes,,Recreational,Yes,0.1,Morning,10000.0,0.78,1.0,0.7857142857142857,0.013513513513513514,1.0,0.25,0.4,0.05,0.717065637065637
64,Southern,Goa,Goa,Aguada Beach,Beach,Unknown,2.0,4.5,0,Yes,,Scenic,Yes,0.01,Evening,1000.0,0.9,1.0,0.7142857142857143,0.0013513513513513514,1.0,0.1,0.4,0.05,0.7169208494208494
1,Northern,Delhi,Delhi,Humayun's Tomb,Tomb,1572,2.0,4.5,30,Yes,,Historical,Yes,0.4,Afternoon,40000.0,0.9,0.996,0.7142857142857143,0.05405405405405406,1.0,0.3,0.1,0.05,0.7165911196911195
100,Southern,Kerala,Kozhikode,Kozhikode Beach,Beach,Unknown,1.5,3.9,0,Yes,,Recreational,Yes,0.059,All,5900.0,0.78,1.0,0.7857142857142857,0.007972972972972973,1.0,0.25,0.4,0.05,0.7165115830115829
324,Northern,Rajasthan,Jaipur,Albert Hall Museum,Museum,1887,2.0,4.5,200,Yes,,Historical,Yes,0.63,All,63000.0,0.9,0.9733333333333334,0.7142857142857143,0.08513513513513514,1.0,0.3,0.1,0.05,0.7162992277992277
322,Central,Madhya Pradesh,Bhopal,Madhya Pradesh Tribal Museum,Museum,2013,2.0,4.7,10,Yes,Monday,Cultural,Yes,0.15,All,15000.0,0.9400000000000001,0.9986666666666667,0.7142857142857143,0.02027027027027027,1.0,0.15,0.1,0.05,0.7161127413127412
36,Southern,Telangana,Hyderabad,Salar Jung Museum,Museum,1951,2.0,4.4,20,Yes,,Historical,Yes,0.67,All,67000.0,0.8800000000000001,0.9973333333333333,0.7142857142857143,0.09054054054054055,1.0,0.3,0.1,0.05,0.7154397683397682
52,Southern,Goa,Goa,Calangute Beach,Beach,Unknown,2.0,4.4,0,Yes,,Scenic,Yes,0.26,Evening,26000.0,0.8800000000000001,1.0,0.7142857142857143,0.03513513513513514,1.0,0.1,0.4,0.05,0.7152992277992277
158,Northern,Himachal Pradesh,Kangra,Kangra Fort,Fort,400,2.0,4.4,150,Yes,,Historical,Yes,0.1,All,10000.0,0.8800000000000001,0.98,0.7142857142857143,0.013513513513513514,1.0,0.3,0.3,0.05,0.7151370656370656
319,North Eastern,Meghalaya,Cherrapunji,Living Root Bridge,Natural Feature,Unknown,2.0,4.6,0,No,,Nature,Yes,0.06,Morning,6000.0,0.9199999999999999,1.0,0.7142857142857143,0.008108108108108109,1.0,0.3,0.1,0.0,0.7150965250965251
23,Western,Maharastra,Mumbai,Chowpatty Beach,Beach,Unknown,2.0,4.3,0,Yes,,Recreational,Yes,0.05,Evening,5000.0,0.86,1.0,0.7142857142857143,0.006756756756756757,1.0,0.25,0.4,0.05,0.7149613899613899
281,North Eastern,Arunachal Pradesh,Tawang,Tawang Monastery,Monastery,1680,2.0,4.7,0,No,,Religious,No,0.032,Morning,3200.0,0.9400000000000001,1.0,0.7142857142857143,0.004324324324324324,1.0,0.2,0.1,0.0,0.7147181467181467
56,Southern,Goa,Goa,Anjuna Beach,Beach,Unknown,2.0,4.4,0,Yes,,Scenic,Yes,0.18,Evening,18000.0,0.8800000000000001,1.0,0.7142857142857143,0.024324324324324326,1.0,0.1,0.4,0.05,0.7142181467181467
197,Northern,Jammu and Kashmir,Pahalgam,Betaab Valley,Valley,Unknown,2.0,4.6,100,No,,Nature,Yes,0.11,All,11000.0,0.9199999999999999,0.9866666666666667,0.7142857142857143,0.014864864864864866,1.0,0.3,0.1,0.0,0.7137722007722008
136,Central,Madhya Pradesh,Khajuraho,Khajuraho Group of Monuments,Temples,-850,2.0,4.7,40,No,,Cultural,Yes,0.09,Afternoon,9000.0,0.9400000000000001,0.9946666666666667,0.7142857142857143,0.012162162162162163,1.0,0.15,0.1,0.0,0.7122019305019305
277,North Eastern,Assam,Majuli,Majuli Island,River Island,Unknown,2.0,4.7,0,No,,Cultural,Yes,0.01,Morning,1000.0,0.9400000000000001,1.0,0.7142857142857143,0.0013513513513513514,1.0,0.15,0.1,0.0,0.7119208494208494
316,Central,Uttar Pradesh,Lucknow,Phoenix Palassio,Mall,2020,2.0,4.6,0,Yes,,Shopping,Yes,0.35,All,35000.0,0.9199999999999999,1.0,0.7142857142857143,0.0472972972972973,1.0,0.1,0.1,0.05,0.711515444015444
202,Northern,Ladakh,Nubra Valley,Nubra Valley,Valley,Unknown,2.0,4.5,0,No,,Nature,Yes,0.1,All,10000.0,0.9,1.0,0.7142857142857143,0.013513513513513514,1.0,0.3,0.1,0.0,0.7106370656370656
323,Northern,Rajasthan,Jaipur,City Palace,Palace,1727,2.0,4.4,200,Yes,,Historical,Yes,0.51,Morning,51000.0,0.8800000000000001,0.9733333333333334,0.7142857142857143,0.06891891891891892,1.0,0.3,0.1,0.05,0.7096776061776061
259,Southern,Andhra Pradesh,Visakhapatnam,Kailasagiri,Hill,Unknown,2.0,4.5,0,Yes,,Recreational,Yes,0.019,All,1900.0,0.9,1.0,0.7142857142857143,0.0025675675675675674,1.0,0.25,0.1,0.05,0.7095424710424709
157,Northern,Himachal Pradesh,Kinnaur,Sangla Valley,Valley,Unknown,2.0,4.5,0,No,,Nature,Yes,0.01,Morning,1000.0,0.9,1.0,0.7142857142857143,0.0013513513513513514,1.0,0.3,0.1,0.0,0.7094208494208495
9,Northern,Delhi,Delhi,Sunder Nursery,Park,1600,2.0,4.6,0,Yes,,Botanical,Yes,0.16,Afternoon,16000.0,0.9199999999999999,1.0,0.7142857142857143,0.021621621621621623,1.0,0.1,0.1,0.05,0.7089478764478764
62,Southern,Goa,Goa,Colva Beach,Beach,Unknown,2.0,4.3,0,Yes,,Scenic,Yes,0.1,Evening,10000.0,0.86,1.0,0.7142857142857143,0.013513513513513514,1.0,0.1,0.4,0.05,0.7081370656370656
95,Northern,Punjab,Chandigarh,Rock Garden,Sculpture Garden,1976,2.0,4.5,30,Yes,,Artistic,Yes,0.5,All,50000.0,0.9,0.996,0.7142857142857143,0.06756756756756757,1.0,0.1,0.1,0.05,0.707942471042471
48,Eastern,West Bengal,Kolkata,Alipore Zoological Gardens,Zoo,1876,2.0,4.3,25,Yes,,Wildlife,Yes,0.66,Afternoon,66000.0,0.86,0.9966666666666667,0.7142857142857143,0.0891891891891892,1.0,0.25,0.1,0.05,0.7077046332046331
80,Northern,Rajasthan,Udaipur,City Palace,Palace,1559,2.0,4.4,300,Yes,,Historical,Yes,0.51,All,51000.0,0.8800000000000001,0.96,0.7142857142857143,0.06891891891891892,1.0,0.3,0.1,0.05,0.7076776061776061
261,Southern,Andhra Pradesh,Visakhapatnam,Borra Caves,Cave,Unknown,2.0,4.5,60,No,,Natural Wonder,Yes,0.31,Afternoon,31000.0,0.9,0.992,0.7142857142857143,0.041891891891891894,1.0,0.2,0.1,0.0,0.7072749034749035
147,Central,Madhya Pradesh,Bhimbetka,Bhimbetka Rock Shelters,Prehistoric Site,1958,2.0,4.6,25,No,,Archaeological,Yes,0.07,Afternoon,7000.000000000001,0.9199999999999999,0.9966666666666667,0.7142857142857143,0.00945945945945946,1.0,0.15,0.1,0.0,0.7072316602316602
190,Central,Uttar Pradesh,Fatehpur Sikri,Buland Darwaza,Monument,1571,2.0,4.4,40,Yes,,Historical,Yes,0.07,Afternoon,7000.000000000001,0.8800000000000001,0.9946666666666667,0.7142857142857143,0.00945945945945946,1.0,0.3,0.1,0.05,0.7069316602316602
156,Northern,Himachal Pradesh,Chamba,Chamera Lake,Lake,Unknown,2.0,4.4,0,No,,Recreational,Yes,0.01,Morning,1000.0,0.8800000000000001,1.0,0.7142857142857143,0.0013513513513513514,1.0,0.25,0.2,0.0,0.7069208494208494
70,Western,Gujarat,Vadodara,Laxmi Vilas Palace,Palace,1890,2.0,4.4,200,Yes,Monday,Historical,Yes,0.17,Afternoon,17000.0,0.8800000000000001,0.9733333333333334,0.7142857142857143,0.022972972972972974,1.0,0.3,0.1,0.05,0.7050830115830116
139,Central,Madhya Pradesh,Gwalior,Gwalior Fort,Fort,900,2.5,4.5,75,Yes,,Historical,Yes,0.4,Morning,40000.0,0.9,0.99,0.6428571428571428,0.05405405405405406,1.0,0.3,0.3,0.05,0.7042625482625481
22,Western,Maharastra,Mumbai,Haji Ali Dargah,Religious Shrine,1431,2.0,4.4,0,Yes,,Religious,No,0.16,All,16000.0,0.8800000000000001,1.0,0.7142857142857143,0.021621621621621623,1.0,0.2,0.1,0.05,0.7039478764478764
266,Eastern,Sikkim,Gangtok,Nathula Pass,Hill,Unknown,2.0,4.3,20,Yes,,Historical,Yes,0.15,Afternoon,15000.0,0.86,0.9973333333333333,0.7142857142857143,0.02027027027027027,1.0,0.3,0.1,0.05,0.7034127413127412
97,Southern,Kerala,Munnar,Munnar Tea Gardens,Scenic Area,Unknown,2.0,4.3,0,No,,Nature,Yes,0.3,All,30000.0,0.86,1.0,0.7142857142857143,0.04054054054054054,1.0,0.3,0.1,0.0,0.7033397683397683
251,Southern,Andhra Pradesh,Rajahmundry,Papikondalu,Hill,Unknown,2.0,4.3,0,Yes,,Nature,Yes,0.032,All,3200.0,0.86,1.0,0.7142857142857143,0.004324324324324324,1.0,0.3,0.1,0.05,0.7022181467181466
318,Northern,Delhi,New Delhi,Rail Museum,Museum,1977,2.0,4.4,50,Yes,Monday,Cultural,Yes,0.24,Morning,24000.0,0.8800000000000001,0.9933333333333333,0.7142857142857143,0.032432432432432434,1.0,0.15,0.1,0.05,0.7015289575289574
76,Western,Gujarat,Ahmedabad,Manek Chowk,Market,Unknown,2.0,4.4,0,Yes,,Food,Yes,0.49,Night,49000.0,0.8800000000000001,1.0,0.7142857142857143,0.06621621621621622,1.0,0.05,0.1,0.05,0.7009073359073358
166,Northern,Himachal Pradesh,Shoja,Serolsar Lake,Lake,Unknown,2.5,4.4,0,No,,Nature,Yes,0.9,Morning,90000.0,0.8800000000000001,1.0,0.6428571428571428,0.12162162162162163,1.0,0.3,0.2,0.0,0.700019305019305
81,Northern,Rajasthan,Jaisalmer,Jaisalmer Fort,Fort,1156,2.5,4.4,50,No,,Historical,Yes,0.56,All,56000.00000000001,0.8800000000000001,0.9933333333333333,0.6428571428571428,0.07567567567567568,1.0,0.3,0.3,0.0,0.6994247104247104
133,Western,Maharashtra,Satara,Kaas Plateau,Valley,Unknown,2.0,4.4,300,No,,Nature,Yes,0.05,Afternoon,5000.0,0.8800000000000001,0.96,0.7142857142857143,0.006756756756756757,1.0,0.3,0.1,0.0,0.69896138996139
27,Southern,Karnataka,Bangalore,Bangalore Palace,Palace,1878,2.0,4.2,500,Yes,Monday,Historical,Yes,0.9,Morning,90000.0,0.8400000000000001,0.9333333333333333,0.7142857142857143,0.12162162162162163,1.0,0.3,0.1,0.05,0.6989478764478764
69,Western,Gujarat,Bhuj,White Desert,Site,1950,2.5,4.6,0,Yes,,Nature,Yes,0.12,Evening,12000.0,0.9199999999999999,1.0,0.6428571428571428,0.016216216216216217,1.0,0.3,0.1,0.05,0.6969787644787644
280,North Eastern,Assam,Guwahati,Pobitora Wildlife Sanctuary,Wildlife Sanctuary,1987,2.0,4.4,500,Yes,,Wildlife,Yes,0.037,All,3700.0,0.8800000000000001,0.9333333333333333,0.7142857142857143,0.005,1.0,0.25,0.1,0.05,0.6947857142857141
194,Central,Uttar Pradesh,Kanpur,Allen Forest Zoo,Zoo,1971,2.0,4.2,150,Yes,Monday,Wildlife,Yes,0.21,All,21000.0,0.8400000000000001,0.98,0.7142857142857143,0.02837837837837838,1.0,0.25,0.1,0.05,0.694123552123552
175,Northern,Uttarakhand,Almora,Binsar Wildlife Sanctuary,Wildlife Sanctuary,1988,2.0,4.3,150,No,,Wildlife,Yes,0.01,All,1000.0,0.86,0.98,0.7142857142857143,0.0013513513513513514,1.0,0.25,0.1,0.0,0.6939208494208494
308,Central,Uttar Pradesh,Greater Noida,The Grand Venice Mall,Mall,Unknown,2.0,4.2,0,Yes,,Shopping,Yes,0.45,All,45000.0,0.8400000000000001,1.0,0.7142857142857143,0.060810810810810814,1.0,0.1,0.1,0.05,0.6928667953667953
151,Northern,Himachal Pradesh,Manali,Solang Valley,Valley,Unknown,2.0,4.1,0,No,,Adventure,Yes,0.05,Morning,5000.0,0.82,1.0,0.7142857142857143,0.006756756756756757,1.0,0.35,0.1,0.0,0.69246138996139
263,Southern,Andhra Pradesh,Visakhapatnam,Indira Gandhi Zoological Park,Zoo,1977,2.0,4.1,20,Yes,Monday,Wildlife,Yes,0.25,Afternoon,25000.0,0.82,0.9973333333333333,0.7142857142857143,0.033783783783783786,1.0,0.25,0.1,0.05,0.6922640926640925
4,Northern,Delhi,Delhi,Jantar Mantar,Observatory,1724,2.0,4.2,15,Yes,,Scientific,Yes,0.31,Morning,31000.0,0.8400000000000001,0.998,0.7142857142857143,0.041891891891891894,1.0,0.1,0.1,0.05,0.6906749034749035
224,Eastern,West Bengal,Purulia,Ayodhya Hills,Hill,Unknown,2.5,4.5,0,No,,Nature,Yes,0.15,All,15000.0,0.9,1.0,0.6428571428571428,0.02027027027027027,1.0,0.3,0.1,0.0,0.6898841698841699
317,Southern,Kerala,Kochi,LuLu International Shopping Mall,Mall,2013,3.0,4.6,0,Yes,,Shopping,Yes,1.9,All,190000.0,0.9199999999999999,1.0,0.5714285714285714,0.25675675675675674,1.0,0.1,0.1,0.05,0.689604247104247
3,Northern,Delhi,Delhi,Waste to Wonder Park,Theme Park,2019,2.0,4.1,50,Yes,Monday,Environmental,Yes,0.27,Evening,27000.0,0.82,0.9933333333333333,0.7142857142857143,0.03648648648648649,1.0,0.1,0.2,0.05,0.6894343629343629
231,Eastern,Odisha,Chilika,Chilika Lake,Lake,Unknown,2.0,3.9,0,Yes,,Nature,Yes,0.1,Morning,10000.0,0.78,1.0,0.7142857142857143,0.013513513513513514,1.0,0.3,0.2,0.05,0.6881370656370656
101,Southern,Kerala,Wayanad,Wayanad Wildlife Sanctuary,Wildlife Sanctuary,Unknown,3.0,4.5,300,No,,Wildlife,Yes,2.2,All,220000.00000000003,0.9,0.96,0.5714285714285714,0.2972972972972973,1.0,0.25,0.1,0.0,0.6876583011583011
199,Northern,Jammu and Kashmir,Udhampur,Patnitop Height,Hill,Unknown,2.0,4.1,0,No,,Recreational,Yes,0.01,All,1000.0,0.82,1.0,0.7142857142857143,0.0013513513513513514,1.0,0.25,0.1,0.0,0.6869208494208494
320,Western,Gujarat,Gandhinagar,Akshardham,Temple,1992,3.0,4.6,0,Yes,Monday,Religious,No,0.18,All,18000.0,0.9199999999999999,1.0,0.5714285714285714,0.024324324324324326,1.0,0.2,0.4,0.05,0.6863610038610037
135,Western,Maharashtra,Ajanta,Ellora Caves,Cave,600,3.0,4.7,30,Yes,Tuesday,Historical,Yes,0.49,Afternoon,49000.0,0.9400000000000001,0.996,0.5714285714285714,0.06621621621621622,1.0,0.3,0.1,0.05,0.684950193050193
288,Southern,Puducherry,Auroville,Auroville,Township,1968,2.0,4.1,0,Yes,,Cultural,Yes,0.035,All,3500.0000000000005,0.82,1.0,0.7142857142857143,0.00472972972972973,1.0,0.15,0.1,0.05,0.6847586872586872
125,Western,Maharastra,Nashik,Sula Vineyards,Vineyard,1999,2.0,4.1,300,Yes,,Recreational,Yes,0.1,Afternoon,10000.0,0.82,0.96,0.7142857142857143,0.013513513513513514,1.0,0.25,0.1,0.05,0.6846370656370655
10,Northern,Delhi,Delhi,Garden of Five Senses,Park,2003,2.0,4.1,35,Yes,,Botanical,Yes,0.23,Morning,23000.0,0.82,0.9953333333333333,0.7142857142857143,0.031081081081081083,1.0,0.1,0.1,0.05,0.6841938223938223
299,Eastern,Bihar,Patna,Sanjay Gandhi Biological Park,Zoo,Unknown,2.5,4.3,30,Yes,,Wildlife,Yes,0.5,All,50000.0,0.86,0.996,0.6428571428571428,0.06756756756756757,1.0,0.25,0.1,0.05,0.6840138996138995
242,Southern,Tamil Nadu,Kodaikanal,Kodaikanal Lake,Lake,1863,2.0,3.9,0,No,,Recreational,Yes,0.1,Morning,10000.0,0.78,1.0,0.7142857142857143,0.013513513513513514,1.0,0.25,0.2,0.0,0.6831370656370656
155,Northern,Himachal Pradesh,Kullu,Great Himalayan National Park,National Park,1984,3.0,4.5,50,No,,Wildlife,Yes,0.2,All,20000.0,0.9,0.9933333333333333,0.5714285714285714,0.02702702702702703,1.0,0.25,0.4,0.0,0.680631274131274
65,Southern,Goa,Goa,Dr. Salim Ali Bird Santuary,Bird Sanctuary,1988,2.0,3.9,10,Yes,,Wildlife,Yes,0.03,Afternoon,3000.0,0.78,0.9986666666666667,0.7142857142857143,0.004054054054054054,1.0,0.25,0.1,0.05,0.6794911196911195
144,Central,Madhya Pradesh,Bandhavgarh,Bandhavgarh National Park,National Park,1968,3.0,4.5,50,No,,Wildlife,Yes,0.05,Morning,5000.0,0.9,0.9933333333333333,0.5714285714285714,0.006756756756756757,1.0,0.25,0.4,0.0,0.678604247104247
19,Western,Maharastra,Mumbai,Sanjay Gandhi National Park,National Park,1996,3.0,4.3,50,Yes,Monday,Wildlife,Yes,0.6,All,60000.0,0.86,0.9933333333333333,0.5714285714285714,0.08108108108108109,1.0,0.25,0.4,0.05,0.6785366795366794
177,Northern,Uttarakhand,Jim Corbett,Jim Corbett National Park,National Park,1936,3.0,4.4,100,Yes,,Wildlife,Yes,0.3,All,30000.0,0.8800000000000001,0.9866666666666667,0.5714285714285714,0.04054054054054054,1.0,0.25,0.4,0.05,0.6784826254826254
112,Southern,Karnataka,Hampi,Hampi Archaeological Ruins,Site,Unknown,3.0,4.7,0,No,,Historical,Yes,0.05,All,5000.0,0.9400000000000001,1.0,0.5714285714285714,0.006756756756756757,1.0,0.3,0.1,0.0,0.6771042471042471
161,Northern,Himachal Pradesh,Bir Billing,Paragliding Site,Adventure Sport,2005,2.0,4.8,2500,No,,Adventure,Yes,0.01,All,1000.0,0.96,0.6666666666666667,0.7142857142857143,0.0013513513513513514,1.0,0.35,0.1,0.0,0.6769208494208494
286,North Eastern,Nagaland,Dzkou Valley,Dzkou Valley,Valley,Unknown,3.0,4.7,0,No,,Trekking,Yes,0.01,Afternoon,1000.0,0.9400000000000001,1.0,0.5714285714285714,0.0013513513513513514,1.0,0.3,0.1,0.0,0.6765637065637066
278,North Eastern,Assam,Manas,Manas National Park,National Park,1990,3.0,4.6,500,No,,Wildlife,Yes,0.19,Morning,19000.0,0.9199999999999999,0.9333333333333333,0.5714285714285714,0.025675675675675677,1.0,0.25,0.4,0.0,0.6764961389961389
124,Western,Maharastra,Aurangabad,Ajanta Caves,Cave,200,3.0,4.6,30,Yes,Monday,Historical,Yes,0.21,Afternoon,21000.0,0.9199999999999999,0.996,0.5714285714285714,0.02837837837837838,1.0,0.3,0.1,0.05,0.6761664092664091
222,Eastern,West Bengal,Jalpaiguri,Gorumara National Park,National Park,1949,3.0,4.4,100,Yes,,Wildlife,Yes,0.07,All,7000.000000000001,0.8800000000000001,0.9866666666666667,0.5714285714285714,0.00945945945945946,1.0,0.25,0.4,0.05,0.6753745173745174
77,Western,Gujarat,Ahmedabad,Kankaria Lake,Lake,1451,3.0,4.5,10,Yes,,Recreational,Yes,0.3,Afternoon,30000.0,0.9,0.9986666666666667,0.5714285714285714,0.04054054054054054,1.0,0.25,0.2,0.05,0.6752826254826253
103,Southern,Kerala,Kumarakom,Kumarakom Bird Sanctuary,Bird Sanctuary,1972,2.0,3.8,50,Yes,,Wildlife,Yes,0.1,All,10000.0,0.76,0.9933333333333333,0.7142857142857143,0.013513513513513514,1.0,0.25,0.1,0.05,0.6746370656370655
73,Western,Gujarat,Kevadia,Statue of Unity,Monument,2018,3.0,4.6,350,No,Monday,Historical,Yes,0.67,All,67000.0,0.9199999999999999,0.9533333333333334,0.5714285714285714,0.09054054054054055,1.0,0.3,0.1,0.0,0.6734826254826254
310,Eastern,Odisha,Bhubaneswar,Nandankanan Zoological Park,Zoo,1960,3.0,4.4,50,Yes,Monday,Wildlife,Yes,0.81,Afternoon,81000.0,0.8800000000000001,0.9933333333333333,0.5714285714285714,0.10945945945945947,1.0,0.25,0.1,0.05,0.6713745173745174
121,Southern,Karnataka,Bandipur,Bandipur National Park,National Park,1974,3.0,4.4,300,No,,Wildlife,Yes,0.15,Morning,15000.0,0.8800000000000001,0.96,0.5714285714285714,0.02027027027027027,1.0,0.25,0.4,0.0,0.6699555984555985
102,Southern,Kerala,Thekkady,Periyar National Park,National Park,1982,3.0,4.3,50,No,,Wildlife,Yes,0.14,All,14000.000000000002,0.86,0.9933333333333333,0.5714285714285714,0.01891891891891892,1.0,0.25,0.4,0.0,0.6698204633204632
173,Northern,Uttarakhand,Auli,Auli Ski Resort,Ski Resort,1990,3.0,4.5,0,No,,Adventure,Yes,0.01,Morning,1000.0,0.9,1.0,0.5714285714285714,0.0013513513513513514,1.0,0.35,0.1,0.0,0.6690637065637065
55,Southern,Goa,Goa,Dudhsagar Falls,Waterfall,Unknown,3.0,4.6,500,Yes,,Nature,Yes,0.3,Afternoon,30000.0,0.9199999999999999,0.9333333333333333,0.5714285714285714,0.04054054054054054,1.0,0.3,0.1,0.05,0.6679826254826253
115,Southern,Karnataka,Chikmagalur,Mullayanagiri,Mountain Peak,Unknown,3.0,4.5,0,No,,Nature,Yes,0.05,All,5000.0,0.9,1.0,0.5714285714285714,0.006756756756756757,1.0,0.3,0.1,0.0,0.6671042471042471
205,Northern,Jammu and Kashmir,Kishtwar,Kishtwar National Park,National Park,1981,3.0,4.3,100,No,,Wildlife,Yes,0.01,All,1000.0,0.86,0.9866666666666667,0.5714285714285714,0.0013513513513513514,1.0,0.25,0.4,0.0,0.6670637065637065
274,North Eastern,Assam,Kaziranga,Kaziranga National Park,National Park,1905,3.0,4.5,650,No,,Wildlife,No,0.068,Morning,6800.000000000001,0.9,0.9133333333333333,0.5714285714285714,0.00918918918918919,1.0,0.25,0.4,0.0,0.6668474903474902
49,Eastern,West Bengal,Kolkata,Science City Kolkata,Science,1997,3.0,4.4,60,Yes,,Educational,Yes,0.88,All,88000.0,0.8800000000000001,0.992,0.5714285714285714,0.11891891891891893,1.0,0.1,0.1,0.05,0.6646204633204633
143,Central,Madhya Pradesh,Kanha,Kanha National Park,Wildlife Sanctuary,1955,3.0,4.5,100,No,,Wildlife,Yes,0.1,Morning,10000.0,0.9,0.9866666666666667,0.5714285714285714,0.013513513513513514,1.0,0.25,0.1,0.0,0.6632799227799226
40,Southern,Telangana,Hyderabad,Nehru Zoological Park,Zoo,1963,3.0,4.2,50,Yes,,Wildlife,Yes,0.86,Morning,86000.0,0.8400000000000001,0.9933333333333333,0.5714285714285714,0.11621621621621622,1.0,0.25,0.1,0.05,0.662050193050193
82,Northern,Rajasthan,Sawai Madhopur,Ranthambore National Park,Wildlife Sanctuary,1980,3.0,4.6,500,No,,Wildlife,Yes,0.09,All,9000.0,0.9199999999999999,0.9333333333333333,0.5714285714285714,0.012162162162162163,1.0,0.25,0.1,0.0,0.6601447876447876
12,Northern,Delhi,Delhi,National Gallery of Modern Art,Museum,1954,3.0,4.5,20,Yes,Monday,Artistic,Yes,0.08,All,8000.0,0.9,0.9973333333333333,0.5714285714285714,0.010810810810810811,1.0,0.1,0.1,0.05,0.6596096525096524
216,Eastern,West Bengal,Siliguri,Jaldapara National Park,Wildlife Sanctuary,1941,3.0,4.4,250,Yes,,Wildlife,Yes,0.035,All,3500.0000000000005,0.8800000000000001,0.9666666666666667,0.5714285714285714,0.00472972972972973,1.0,0.25,0.1,0.05,0.6569015444015444
13,Northern,Delhi,Delhi,National Zoological Park ,Zoo,1959,3.0,4.1,80,Yes,Friday,Environmental,Yes,0.41,All,41000.0,0.82,0.9893333333333333,0.5714285714285714,0.05540540540540541,1.0,0.1,0.1,0.05,0.6428691119691119
302,Northern,Haryana,Gurugram,Kingdom of Dreams,Entertainment,2010,3.0,4.4,1100,Yes,Monday,Entertainment,Yes,0.3,Afternoon,30000.0,0.8800000000000001,0.8533333333333333,0.5714285714285714,0.04054054054054054,1.0,0.15,0.1,0.05,0.6384826254826254
206,Northern,Ladakh,Hemis,Hemis National Park,National Park,1981,4.0,4.4,20,No,,Wildlife,Yes,0.02,All,2000.0,0.8800000000000001,0.9973333333333333,0.4285714285714286,0.002702702702702703,1.0,0.25,0.4,0.0,0.6309416988416988
217,Eastern,West Bengal,Sundarbans,Sundarbans National Park,National Park,1984,4.0,4.4,60,No,,Wildlife,Yes,0.065,All,6500.0,0.8800000000000001,0.992,0.4285714285714286,0.008783783783783784,1.0,0.25,0.4,0.0,0.630749806949807
309,Southern,Karnataka,Bengaluru,Wonderla Amusement Park,Amusement Park,2005,4.0,4.5,890,Yes,,Entertainment,Yes,0.95,All,95000.0,0.9,0.8813333333333333,0.4285714285714286,0.12837837837837837,1.0,0.15,0.1,0.05,0.6136092664092663
198,Northern,Jammu and Kashmir,Jammu,Vaishno Devi,Temple,Unknown,5.0,4.7,0,Yes,,Religious,No,0.55,All,55000.00000000001,0.9400000000000001,1.0,0.2857142857142857,0.07432432432432433,1.0,0.2,0.4,0.05,0.6106467181467182
68,Western,Gujarat,Junagadh,Gir National Park,National Park,1965,3.0,4.5,3500,No,,Wildlife,Yes,0.08,Morning,8000.0,0.9,0.5333333333333333,0.5714285714285714,0.010810810810810811,1.0,0.25,0.4,0.0,0.6100096525096524
25,Western,Maharastra,Mumbai,Elephanta Caves,Monument,1987,4.0,4.3,550,Yes,,Historical,Yes,0.35,All ,35000.0,0.86,0.9266666666666666,0.4285714285714286,0.0472972972972973,1.0,0.3,0.1,0.05,0.6098011583011583
180,Northern,Uttarakhand,Joshimath,Valley of Flowers,National Park,1982,5.0,4.7,150,No,,Nature,Yes,0.035,Morning,3500.0000000000005,0.9400000000000001,0.98,0.2857142857142857,0.00472972972972973,1.0,0.3,0.4,0.0,0.6031872586872588
2,Northern,Delhi,Delhi,Akshardham Temple,Temple,2005,5.0,4.6,60,Yes,,Religious,No,0.4,Afternoon,40000.0,0.9199999999999999,0.992,0.2857142857142857,0.05405405405405406,1.0,0.2,0.4,0.05,0.6024196911196911
162,Northern,Himachal Pradesh,McLeod Ganj,Triund Trek,Trekking,Unknown,5.0,4.8,0,Yes,,Adventure,Yes,0.01,Morning,1000.0,0.96,1.0,0.2857142857142857,0.0013513513513513514,1.0,0.35,0.1,0.05,0.6008494208494207
35,Southern,Telangana,Hyderabad,Ramoji Film City,Film Studio,1996,4.0,4.4,1150,Yes,,Entertainment,Yes,0.45,All,45000.0,0.8800000000000001,0.8466666666666667,0.4285714285714286,0.060810810810810814,1.0,0.15,0.1,0.05,0.5966525096525097
5,Northern,Delhi,Delhi,Chandni Chowk,Market,1700,3.0,4.2,0,Yes,Sunday,Market,Yes,0.25,Afternoon,25000.0,0.8400000000000001,1.0,0.5714285714285714,0.033783783783783786,0.5,0.05,0.1,0.05,0.5948069498069498
47,Eastern,West Bengal,Kolkata,Eden Gardens,Cricket Ground,1864,3.0,4.1,2500,Yes,,Sports,Yes,0.1,All,10000.0,0.82,0.6666666666666667,0.5714285714285714,0.013513513513513514,1.0,0.1,0.1,0.05,0.5902799227799228
15,Northern,Delhi,Delhi,National Science Centre,Science,1992,5.0,4.4,70,Yes,,Scientific,Yes,0.23,All,23000.0,0.8800000000000001,0.9906666666666667,0.2857142857142857,0.031081081081081083,1.0,0.1,0.1,0.05,0.5699223938223938
24,Western,Maharastra,Mumbai,Essel World,Amusement Park,1986,5.0,4.3,1149,Yes,,Recreational,Yes,0.27,All,27000.0,0.86,0.8468,0.2857142857142857,0.03648648648648649,1.0,0.25,0.1,0.05,0.5513829343629344
110,Southern,Kerala,Kochi,Wonderla Amusement Park,Amusement Park,2016,5.5,4.6,750,Yes,,Entertainment,Yes,0.41,All,41000.0,0.9199999999999999,0.9,0.2142857142857143,0.05540540540540541,1.0,0.15,0.1,0.05,0.5498262548262548
200,Northern,Jammu and Kashmir,Anantnag,Amarnath Cave,Temple,Unknown,6.0,4.5,0,No,,Religious,Yes,0.11,All,11000.0,0.9,1.0,0.1428571428571429,0.014864864864864866,1.0,0.2,0.4,0.0,0.5493436293436295
72,Western,Gujarat,Rann of Kutch,Rann Utsav,Cultural,Unknown,3.0,4.9,7500,Yes,,Cultural,Yes,0.1,Evening,10000.0,0.9800000000000001,0.0,0.5714285714285714,0.013513513513513514,1.0,0.15,0.1,0.05,0.5327799227799227
167,Northern,Himachal Pradesh,Kufri,Kufri Fun World,Ski Resort,1975,5.0,3.8,1500,Yes,,Recreational,Yes,0.1,All,10000.0,0.76,0.8,0.2857142857142857,0.013513513513513514,1.0,0.25,0.1,0.05,0.517065637065637
78,Western,Gujarat,Ahmedabad,Science City,Science,2002,7.0,4.4,500,Yes,Monday,Educational,Yes,0.11,All,11000.0,0.8800000000000001,0.9333333333333333,0.0,0.014864864864864866,1.0,0.1,0.1,0.05,0.47398648648648645
26,Western,Maharastra,Lonavala,Imagicaa,Amusement Park,2013,5.0,1.4,1149,No,Monday,Recreational,Yes,0.95,All,95000.0,0.27999999999999997,0.8468,0.2857142857142857,0.12837837837837837,1.0,0.25,0.1,0.0,0.4130721235521236
